{
  "name": "storage_master_48",
  "n": 48,
  "const": 160000.0,
  "kind": "storage_master",
  "n_qubits": 48,
  "n_blocks": 24,
  "hours_per_block": 1,
  "charge_blocks": 4,
  "dis_blocks": 4,
  "encoding": "q0..q23=charge; q24..q47=discharge",
  "tariff_b": [
    0.13580787022441737,
    0.13580787022441737,
    0.13580787022441737,
    0.13580787022441737,
    0.13580787022441737,
    0.13433987265106911,
    0.12818623166046397,
    0.12004681100668615,
    0.23247476975091957,
    0.22542041552054298,
    0.2202704751963666,
    0.1509405426115087,
    0.15149360216239804,
    0.15444780503093453,
    0.2581427641753136,
    0.16669022200308992,
    0.17472324128236535,
    0.18242112468152372,
    0.2549960146930502,
    0.28838010023844257,
    0.28838010023844257,
    0.28838010023844257,
    0.18973493894811996,
    0.18973493894811996
  ],
  "soc_path_weight": 0.012,
  "adj_weight": 120.0,
  "exclusivity_weight": 800.0,
  "tariff_pair_weight": 0.35,
  "pair_jitter": 2200.0,
  "jitter_seed": 48,
  "note": "48-qubit hourly charge--discharge master with SOC-path, tariff-pair, adjacency, exclusivity, and seeded pair jitter. Upload storage_master_48_Q.npy to CIM."
}